{
  "total_panels": 5,
  "total_balloons": 4,
  "panel_areas": [
    0.039074730082450014,
    0.04028087479322575,
    0.08486934628987823,
    0.08132172701457395,
    0.16108104488606112
  ],
  "balloon_areas": [
    0.0035879265858746916,
    0.0033933147391492207,
    0.0033933147391492207,
    0.0034854887715971518
  ],
  "overlaps_detected": 3,
  "severe_overlaps": 2,
  "quality_score": 0.25833333333333336
}