{
  "timestamp": 1757199911.087522,
  "analysis": {
    "panels": {
      "detected": 12,
      "ground_truth": 13,
      "precision": 0.9230769230769231,
      "recall": 0.23076923076923078,
      "f1_score": 0.36923076923076925,
      "centering": {
        "total_matches": 3,
        "avg_iou": 0.37505778000781076,
        "avg_center_distance": 99.24318682554464,
        "max_center_distance": 164.98234099292634,
        "avg_relative_distance": 0.09002165810437517,
        "center_distances": [
          44.396679580237986,
          88.3505399034696,
          164.98234099292634
        ],
        "relative_distances": [
          0.048203917008448297,
          0.08513757684965662,
          0.13672348045502059
        ],
        "ious": [
          0.3638106699501828,
          0.3609413162426327,
          0.40042135383061667
        ],
        "matches": [
          [
            3,
            1,
            0.3638106699501828,
            44.396679580237986
          ],
          [
            9,
            4,
            0.3609413162426327,
            88.3505399034696
          ],
          [
            10,
            8,
            0.40042135383061667,
            164.98234099292634
          ]
        ]
      },
      "size_stats": {
        "gt_avg_area": 495688.17927614227,
        "det_avg_area": 123876.75,
        "area_ratio": 0.24990862235387232
      }
    },
    "balloons": {
      "detected": 9,
      "ground_truth": 13,
      "precision": 0.6923076923076923,
      "recall": 0.46153846153846156,
      "avg_iou": 0.6891802499360904,
      "avg_center_distance": 54.936120311960906,
      "size_stats": {
        "gt_avg_area": 114863.88888888892,
        "det_avg_area": 43392.75125942022,
        "area_ratio": 0.37777539729126924
      }
    }
  },
  "ground_truth": {
    "panels": [
      {
        "x": 83.33333333333326,
        "y": 259.59259259259267,
        "w": 1296.2962962962963,
        "h": 742.0740740740741,
        "x_max": 1379.6296296296296,
        "y_max": 1001.6666666666667,
        "area": 961947.8737997258,
        "center_x": 731.4814814814814,
        "center_y": 630.6296296296297,
        "aspect_ratio": 1.7468556598123377
      },
      {
        "x": 1398.3333333333333,
        "y": 258.33333333333337,
        "w": 540.5555555555554,
        "h": 745.7037037037037,
        "x_max": 1938.8888888888887,
        "y_max": 1004.0370370370371,
        "area": 403094.27983539086,
        "center_x": 1668.6111111111109,
        "center_y": 631.1851851851852,
        "aspect_ratio": 0.7248932154564417
      },
      {
        "x": 1957.4074074074074,
        "y": 260.0,
        "w": 360.92592592592564,
        "h": 741.6666666666667,
        "x_max": 2318.333333333333,
        "y_max": 1001.6666666666667,
        "area": 267686.72839506157,
        "center_x": 2137.8703703703704,
        "center_y": 630.8333333333334,
        "aspect_ratio": 0.4866416978776525
      },
      {
        "x": 79.62962962962968,
        "y": 1060.0,
        "w": 577.7777777777777,
        "h": 736.6296296296296,
        "x_max": 657.4074074074074,
        "y_max": 1796.6296296296296,
        "area": 425608.2304526748,
        "center_x": 368.51851851851853,
        "center_y": 1428.3148148148148,
        "aspect_ratio": 0.7843531600382121
      },
      {
        "x": 678.3333333333333,
        "y": 1060.0,
        "w": 738.3333333333333,
        "h": 729.2222222222222,
        "x_max": 1416.6666666666665,
        "y_max": 1789.2222222222222,
        "area": 538409.0740740739,
        "center_x": 1047.5,
        "center_y": 1424.611111111111,
        "aspect_ratio": 1.0124942861496267
      },
      {
        "x": 1442.5925925925926,
        "y": 1055.888888888889,
        "w": 877.7777777777778,
        "h": 737.037037037037,
        "x_max": 2320.3703703703704,
        "y_max": 1792.9259259259259,
        "area": 646954.732510288,
        "center_x": 1881.4814814814815,
        "center_y": 1424.4074074074074,
        "aspect_ratio": 1.190954773869347
      },
      {
        "x": 83.33333333333337,
        "y": 1856.6666666666667,
        "w": 648.3333333333334,
        "h": 728.851851851852,
        "x_max": 731.6666666666667,
        "y_max": 2585.5185185185187,
        "area": 472538.95061728405,
        "center_x": 407.50000000000006,
        "center_y": 2221.0925925925926,
        "aspect_ratio": 0.889526906855023
      },
      {
        "x": 746.6666666666667,
        "y": 1850.0,
        "w": 592.2222222222222,
        "h": 733.3333333333335,
        "x_max": 1338.888888888889,
        "y_max": 2583.3333333333335,
        "area": 434296.29629629635,
        "center_x": 1042.7777777777778,
        "center_y": 2216.666666666667,
        "aspect_ratio": 0.8075757575757574
      },
      {
        "x": 1361.111111111111,
        "y": 1844.7777777777776,
        "w": 955.5555555555554,
        "h": 736.8888888888894,
        "x_max": 2316.6666666666665,
        "y_max": 2581.666666666667,
        "area": 704138.2716049387,
        "center_x": 1838.8888888888887,
        "center_y": 2213.222222222222,
        "aspect_ratio": 1.2967430639324478
      },
      {
        "x": 81.66666666666663,
        "y": 2644.777777777778,
        "w": 568.3333333333334,
        "h": 733.3333333333335,
        "x_max": 650.0,
        "y_max": 3378.1111111111113,
        "area": 416777.77777777787,
        "center_x": 365.8333333333333,
        "center_y": 3011.4444444444443,
        "aspect_ratio": 0.7749999999999999
      },
      {
        "x": 676.6666666666667,
        "y": 2637.3703703703704,
        "w": 363.33333333333326,
        "h": 739.2962962962965,
        "x_max": 1040.0,
        "y_max": 3376.666666666667,
        "area": 268610.987654321,
        "center_x": 858.3333333333334,
        "center_y": 3007.0185185185187,
        "aspect_ratio": 0.4914583437703519
      },
      {
        "x": 1064.8148148148148,
        "y": 2637.3703703703704,
        "w": 388.8888888888889,
        "h": 737.037037037037,
        "x_max": 1453.7037037037037,
        "y_max": 3374.4074074074074,
        "area": 286625.51440329215,
        "center_x": 1259.2592592592591,
        "center_y": 3005.8888888888887,
        "aspect_ratio": 0.5276381909547739
      },
      {
        "x": 1472.2222222222222,
        "y": 2637.3703703703704,
        "w": 844.4444444444443,
        "h": 730.962962962963,
        "x_max": 2316.6666666666665,
        "y_max": 3368.3333333333335,
        "area": 617257.6131687242,
        "center_x": 1894.4444444444443,
        "center_y": 3002.851851851852,
        "aspect_ratio": 1.1552492906364003
      }
    ],
    "balloons": [
      {
        "x": 96.66666666666663,
        "y": 280.0,
        "w": 1273.3333333333335,
        "h": 236.66666666666674,
        "x_max": 1370.0000000000002,
        "y_max": 516.6666666666667,
        "area": 301355.5555555557,
        "center_x": 733.3333333333335,
        "center_y": 398.33333333333337,
        "aspect_ratio": 5.380281690140844
      },
      {
        "x": 96.66666666666663,
        "y": 433.33333333333337,
        "w": 476.66666666666663,
        "h": 220.0,
        "x_max": 573.3333333333333,
        "y_max": 653.3333333333334,
        "area": 104866.66666666666,
        "center_x": 334.99999999999994,
        "center_y": 543.3333333333334,
        "aspect_ratio": 2.1666666666666665
      },
      {
        "x": 100.0,
        "y": 608.3333333333334,
        "w": 226.66666666666674,
        "h": 238.33333333333337,
        "x_max": 326.66666666666674,
        "y_max": 846.6666666666667,
        "area": 54022.22222222225,
        "center_x": 213.33333333333337,
        "center_y": 727.5,
        "aspect_ratio": 0.9510489510489513
      },
      {
        "x": 1460.0000000000002,
        "y": 1076.6666666666667,
        "w": 694.9999999999998,
        "h": 275.0,
        "x_max": 2155.0,
        "y_max": 1351.6666666666667,
        "area": 191124.99999999994,