{
  "timestamp": 1757200688.383512,
  "analysis": {
    "panels": {
      "detected": 12,
      "ground_truth": 5,
      "precision": 2.4,
      "recall": 0.2,
      "f1_score": 0.3692307692307692,
      "centering": {
        "total_matches": 1,
        "avg_iou": 0.44595764896345425,
        "avg_center_distance": 334.679490126167,
        "max_center_distance": 334.679490126167,
        "avg_relative_distance": 0.12749261195287162,
        "center_distances": [
          334.679490126167
        ],
        "relative_distances": [
          0.12749261195287162
        ],
        "ious": [
          0.44595764896345425
        ],
        "matches": [
          [
            6,
            1,
            0.44595764896345425,
            334.679490126167
          ]
        ]
      },
      "size_stats": {
        "gt_avg_area": 1654009.6,
        "det_avg_area": 963538.9166666666,
        "area_ratio": 0.5825473544208368
      }
    },
    "balloons": {
      "detected": 2,
      "ground_truth": 9,
      "precision": 0.2222222222222222,
      "recall": 0.0,
      "avg_iou": 0,
      "avg_center_distance": 0,
      "size_stats": {
        "gt_avg_area": 286322.6666666667,
        "det_avg_area": 39001.900755509734,
        "area_ratio": 0.13621660209289427
      }
    }
  },
  "ground_truth": {
    "panels": [
      {
        "x": 236.0,
        "y": 252.0,
        "w": 2514.0,
        "h": 1292.0,
        "x_max": 2750.0,
        "y_max": 1544.0,
        "area": 3248088.0,
        "center_x": 1493.0,
        "center_y": 898.0,
        "aspect_ratio": 1.9458204334365325
      },
      {
        "x": 236.0,
        "y": 1616.0,
        "w": 2512.6666666666665,
        "h": 760.0,
        "x_max": 2748.6666666666665,
        "y_max": 2376.0,
        "area": 1909626.6666666665,
        "center_x": 1492.3333333333333,
        "center_y": 1996.0,
        "aspect_ratio": 3.3061403508771927
      },
      {
        "x": 234.66666666666666,
        "y": 2434.6666666666665,
        "w": 707.3333333333334,
        "h": 1282.666666666667,
        "x_max": 942.0,
        "y_max": 3717.3333333333335,
        "area": 907272.8888888891,
        "center_x": 588.3333333333334,
        "center_y": 3076.0,
        "aspect_ratio": 0.5514553014553013
      },
      {
        "x": 983.3333333333334,
        "y": 2436.6666666666665,
        "w": 855.3333333333334,
        "h": 1283.3333333333335,
        "x_max": 1838.6666666666667,
        "y_max": 3720.0,
        "area": 1097677.777777778,
        "center_x": 1411.0,
        "center_y": 3078.333333333333,
        "aspect_ratio": 0.6664935064935065
      },
      {
        "x": 1886.0,
        "y": 2436.0,
        "w": 862.0,
        "h": 1284.6666666666665,
        "x_max": 2748.0,
        "y_max": 3720.6666666666665,
        "area": 1107382.6666666665,
        "center_x": 2317.0,
        "center_y": 3078.333333333333,
        "aspect_ratio": 0.6709911779968865
      }
    ],
    "balloons": [
      {
        "x": 354.0,
        "y": 250.0,
        "w": 856.0,
        "h": 746.0,
        "x_max": 1210.0,
        "y_max": 996.0,
        "area": 638576.0,
        "center_x": 782.0,
        "center_y": 623.0,
        "aspect_ratio": 1.1474530831099197
      },
      {
        "x": 1108.0,
        "y": 700.0,
        "w": 1174.0,
        "h": 470.0,
        "x_max": 2282.0,
        "y_max": 1170.0,
        "area": 551780.0,
        "center_x": 1695.0,
        "center_y": 935.0,
        "aspect_ratio": 2.497872340425532
      },
      {
        "x": 1850.0,
        "y": 2002.0,
        "w": 766.0,
        "h": 298.0,
        "x_max": 2616.0,
        "y_max": 2300.0,
        "area": 228268.0,
        "center_x": 2233.0,
        "center_y": 2151.0,
        "aspect_ratio": 2.5704697986577183
      },
      {
        "x": 576.0,
        "y": 3204.0,
        "w": 364.0,
        "h": 382.0,
        "x_max": 940.0,
        "y_max": 3586.0,
        "area": 139048.0,
        "center_x": 758.0,
        "center_y": 3395.0,
        "aspect_ratio": 0.9528795811518325
      },
      {
        "x": 980.0,
        "y": 2448.0,
        "w": 430.0,
        "h": 502.0,
        "x_max": 1410.0,
        "y_max": 2950.0,
        "area": 215860.0,
        "center_x": 1195.0,
        "center_y": 2699.0,
        "aspect_ratio": 0.8565737051792829
      },
      {
        "x": 1400.0,
        "y": 2438.0,
        "w": 376.0,
        "h": 482.0,
        "x_max": 1776.0,
        "y_max": 2920.0,
        "area": 181232.0,
        "center_x": 1588.0,
        "center_y": 2679.0,
        "aspect_ratio": 0.7800829875518672
      },
      {
        "x": 1460.0,
        "y": 2626.0,
        "w": 380.0,
        "h": 426.0,
        "x_max": 1840.0,
        "y_max": 3052.0,
        "area": 161880.0,
        "center_x": 1650.0,
        "center_y": 2839.0,
        "aspect_ratio": 0.892018779342723
      },
      {
        "x": 1886.0,
        "y": 2432.0,
        "w": 414.0,
        "h": 638.0,
        "x_max": 2300.0,
        "y_max": 3070.0,
        "area": 264132.0,
        "center_x": 2093.0,
        "center_y": 2751.0,
        "aspect_ratio": 0.6489028213166145
      },
      {
        "x": 2316.0,
        "y": 2436.0,
        "w": 432.0,
        "h": 454.0,
        "x_max": 2748.0,
        "y_max": 2890.0,
        "area": 196128.0,
        "center_x": 2532.0,
        "center_y": 2663.0,
        "aspect_ratio": 0.9515418502202643
      }
    ]
  },
  "detected": {
    "panels": [
      {
        "x": 2058.0,
        "y": 378.0,
        "w": 2069.0,
        "h": 1196.0,
        "x_max": 4127.0,
        "y_max": 1574.0,
        "area": 2474524.0,
        "center_x": 3092.5,
        "center_y": 976.0,
        "aspect_ratio": 1.729933110367893,
        "confidence": 0.8419352173805237
      },
      {
        "x": 512.0,
        "y": 384.0,
        "w": 957.0,
        "h": 729.0,
        "x_max": 1469.0,
        "y_max": 1113.0,
        "area": 697653.0,
        "center_x": 990.5,
        "center_y": 748.5,
        "aspect_ratio": 1.3127572016460904,
        "confidence": 0.8419352173805237
      },
      {
        "x": 1469.0,
        "y": 384.0,
        "w": 331.0,
        "h": 729.0,
        "x_max": 1800.0,
        "y_max": 1113.0,
        "area": 241299.0,
        "center_x": 1634.5,
        "center_y": 748.5,
        "aspect_ratio": 0.4540466392318244,
        "confidence": 0.8419352173805237
      },
      {
        "x": 512.0,
        "y": 1113.0,
        "w": 957.0,
        "h": 149.0,
        "x_max": 1469.0,
        "y_max": 1262.0,
        "area": 142593.0,
        "center_x": 990.5,
        "center_y": 1187.5,
        "aspect_ratio": 6.422818791946309,
        "confidence": 0.8419352173805237
      },
      {
        "x": 391.0,
        "y": 1596.0,
        "w": 2547.0,
        "h": 217.0,
        "x_max": 2938.0,
        "y_max": 1813.0,
        "area": 552699.0,
        "center_x": 1664.5,
        "center_y": 1704.5,
        "aspect_ratio": 11.737327188940093,
        "confidence": 0.8419352173805237
      },
      {
        "x": 2938.0,
        "y": 1596.0,
        "w": 1113.0,
        "h": 217.0,
        "x_max": 4051.0,
        "y_max": 1813.0,
        "area": 241521.0,
        "center_x": 3494.5,
        "center_y": 1704.5,
        "aspect_ratio": 5.129032258064516,
        "confidence": 0.8419352173805237
      },
      {
        "x": 391.0,
        "y": 1813.0,
        "w": 2547.0,
        "h": 940.0,
        "x_max": 2938.0,
        "y_max": 2753.0,
        "area": 2394180.0,
        "center_x": 1664.5,
        "center_y": 2283.0,
        "aspect_ratio": 2.7095744680851066,
        "confidence": 0.8419352173805237
      },
      {
        "x": 2938.0,
        "y": 1813.0,
        "w": 1113.0,
        "h": 940.0,
        "x_max": 4051.0,
        "y_max": 2753.0,
        "area": 1046220.0,
        "center_x": 3494.5,
        "center_y": 2283.0,
        "aspect_ratio": 1.1840425531914893,