{
  "timestamp": 1757203611.903563,
  "analysis": {
    "panels": {
      "detected": 11,
      "ground_truth": 6,
      "precision": 1.8333333333333333,
      "recall": 0.16666666666666666,
      "f1_score": 0.3055555555555555,
      "centering": {
        "total_matches": 1,
        "avg_iou": 0.30795103761812526,
        "avg_center_distance": 514.6749243724408,
        "max_center_distance": 514.6749243724408,
        "avg_relative_distance": 0.19605023927783832,
        "center_distances": [
          514.6749243724408
        ],
        "relative_distances": [
          0.19605023927783832
        ],
        "ious": [
          0.30795103761812526
        ],
        "matches": [
          [
            1,
            0,
            0.30795103761812526,
            514.6749243724408
          ]
        ]
      },
      "size_stats": {
        "gt_avg_area": 1380028.0555555557,
        "det_avg_area": 1179893.5454545454,
        "area_ratio": 0.8549779409952339
      }
    },
    "balloons": {
      "detected": 21,
      "ground_truth": 6,
      "precision": 3.5,
      "recall": 0.0,
      "avg_iou": 0,
      "avg_center_distance": 0,
      "size_stats": {
        "gt_avg_area": 333154.16666666674,
        "det_avg_area": 92266.64100746598,
        "area_ratio": 0.27694878299325676
      }
    }
  },
  "ground_truth": {
    "panels": [
      {
        "x": 241.66666666666669,
        "y": 256.6666666666667,
        "w": 2506.666666666667,
        "h": 780.0,
        "x_max": 2748.3333333333335,
        "y_max": 1036.6666666666667,
        "area": 1955200.0000000002,
        "center_x": 1495.0,
        "center_y": 646.6666666666667,
        "aspect_ratio": 3.2136752136752142
      },
      {
        "x": 241.66666666666669,
        "y": 1081.6666666666667,
        "w": 969.0,
        "h": 1324.9999999999998,
        "x_max": 1210.6666666666667,
        "y_max": 2406.6666666666665,
        "area": 1283924.9999999998,
        "center_x": 726.1666666666667,
        "center_y": 1744.1666666666665,
        "aspect_ratio": 0.7313207547169812
      },
      {
        "x": 1258.3333333333333,
        "y": 1078.3333333333335,
        "w": 1486.6666666666672,
        "h": 1326.6666666666665,
        "x_max": 2745.0000000000005,
        "y_max": 2405.0,
        "area": 1972311.1111111115,
        "center_x": 2001.666666666667,
        "center_y": 1741.6666666666667,
        "aspect_ratio": 1.1206030150753774
      },
      {
        "x": 241.66666666666669,
        "y": 2453.3333333333335,
        "w": 763.3333333333333,
        "h": 1270.0,
        "x_max": 1005.0,
        "y_max": 3723.3333333333335,
        "area": 969433.3333333333,
        "center_x": 623.3333333333334,
        "center_y": 3088.3333333333335,
        "aspect_ratio": 0.6010498687664041
      },
      {
        "x": 1055.0,
        "y": 2453.3333333333335,
        "w": 651.6666666666667,
        "h": 1269.333333333333,
        "x_max": 1706.6666666666667,
        "y_max": 3722.6666666666665,
        "area": 827182.2222222221,
        "center_x": 1380.8333333333335,
        "center_y": 3088.0,
        "aspect_ratio": 0.5133928571428573
      },
      {
        "x": 1746.6666666666667,
        "y": 2451.666666666667,
        "w": 1001.6666666666667,
        "h": 1270.0,
        "x_max": 2748.3333333333335,
        "y_max": 3721.666666666667,
        "area": 1272116.6666666667,
        "center_x": 2247.5,
        "center_y": 3086.666666666667,
        "aspect_ratio": 0.7887139107611549
      }
    ],
    "balloons": [
      {
        "x": 2045.0000000000002,
        "y": 255.0,
        "w": 706.6666666666667,
        "h": 723.3333333333334,
        "x_max": 2751.666666666667,
        "y_max": 978.3333333333334,
        "area": 511155.5555555556,
        "center_x": 2398.3333333333335,
        "center_y": 616.6666666666667,
        "aspect_ratio": 0.9769585253456222
      },
      {
        "x": 1528.3333333333333,
        "y": 1081.6666666666667,
        "w": 685.0000000000002,
        "h": 416.66666666666674,
        "x_max": 2213.3333333333335,
        "y_max": 1498.3333333333335,
        "area": 285416.6666666668,
        "center_x": 1870.8333333333335,
        "center_y": 1290.0,
        "aspect_ratio": 1.6440000000000003
      },
      {
        "x": 2113.3333333333335,
        "y": 1195.0,
        "w": 583.3333333333335,
        "h": 420.0,
        "x_max": 2696.666666666667,
        "y_max": 1615.0,
        "area": 245000.00000000006,
        "center_x": 2405.0,
        "center_y": 1405.0,
        "aspect_ratio": 1.3888888888888893
      },
      {
        "x": 241.66666666666669,
        "y": 2496.666666666667,
        "w": 718.3333333333333,
        "h": 566.6666666666665,
        "x_max": 960.0,
        "y_max": 3063.3333333333335,
        "area": 407055.5555555554,
        "center_x": 600.8333333333334,
        "center_y": 2780.0,
        "aspect_ratio": 1.2676470588235296
      },
      {
        "x": 978.3333333333333,
        "y": 2450.0,
        "w": 633.3333333333335,
        "h": 431.66666666666697,
        "x_max": 1611.6666666666667,
        "y_max": 2881.666666666667,
        "area": 273388.88888888917,
        "center_x": 1295.0,
        "center_y": 2665.8333333333335,
        "aspect_ratio": 1.4671814671814665
      },
      {
        "x": 1641.6666666666667,
        "y": 2453.3333333333335,
        "w": 548.3333333333337,
        "h": 505.0,
        "x_max": 2190.0000000000005,
        "y_max": 2958.3333333333335,
        "area": 276908.33333333355,
        "center_x": 1915.8333333333335,
        "center_y": 2705.8333333333335,
        "aspect_ratio": 1.0858085808580866
      }
    ]
  },
  "detected": {
    "panels": [
      {
        "x": 2058.0,
        "y": 378.0,
        "w": 2069.0,
        "h": 1196.0,
        "x_max": 4127.0,
        "y_max": 1574.0,
        "area": 2474524.0,
        "center_x": 3092.5,
        "center_y": 976.0,
        "aspect_ratio": 1.729933110367893,
        "confidence": 0.8419352173805237
      },
      {
        "x": 512.0,
        "y": 384.0,
        "w": 957.0,
        "h": 729.0,
        "x_max": 1469.0,
        "y_max": 1113.0,
        "area": 697653.0,
        "center_x": 990.5,
        "center_y": 748.5,
        "aspect_ratio": 1.3127572016460904,
        "confidence": 0.8419352173805237
      },
      {
        "x": 1469.0,
        "y": 384.0,
        "w": 331.0,
        "h": 729.0,
        "x_max": 1800.0,
        "y_max": 1113.0,
        "area": 241299.0,
        "center_x": 1634.5,
        "center_y": 748.5,
        "aspect_ratio": 0.4540466392318244,
        "confidence": 0.8419352173805237
      },
      {
        "x": 512.0,
        "y": 1113.0,
        "w": 957.0,
        "h": 149.0,
        "x_max": 1469.0,
        "y_max": 1262.0,
        "area": 142593.0,
        "center_x": 990.5,
        "center_y": 1187.5,
        "aspect_ratio": 6.422818791946309,
        "confidence": 0.8419352173805237
      },
      {
        "x": 391.0,
        "y": 1596.0,
        "w": 2547.0,
        "h": 217.0,
        "x_max": 2938.0,
        "y_max": 1813.0,
        "area": 552699.0,
        "center_x": 1664.5,
        "center_y": 1704.5,
        "aspect_ratio": 11.737327188940093,
        "confidence": 0.8419352173805237
      },
      {
        "x": 2938.0,
        "y": 1596.0,
        "w": 1113.0,
        "h": 217.0,
        "x_max": 4051.0,
        "y_max": 1813.0,
        "area": 241521.0,
        "center_x": 3494.5,
        "center_y": 1704.5,
        "aspect_ratio": 5.129032258064516,
        "confidence": 0.8419352173805237
      },
      {
        "x": 391.0,
        "y": 1813.0,
        "w": 2547.0,
        "h": 940.0,
        "x_max": 2938.0,
        "y_max": 2753.0,
        "area": 2394180.0,
        "center_x": 1664.5,
        "center_y": 2283.0,
        "aspect_ratio": 2.7095744680851066,
        "confidence": 0.8419352173805237
      },
      {
        "x": 2938.0,
        "y": 1813.0,
        "w": 1113.0,