{
  "timestamp": 1757203485.586011,
  "analysis": {
    "panels": {
      "detected": 11,
      "ground_truth": 7,
      "precision": 1.5714285714285714,
      "recall": 0.2857142857142857,
      "f1_score": 0.48351648351648346,
      "centering": {
        "total_matches": 2,
        "avg_iou": 0.41210807314996833,
        "avg_center_distance": 327.56202970055637,
        "max_center_distance": 389.45768027119726,
        "avg_relative_distance": 0.16234106003235194,
        "center_distances": [
          265.66637912991547,
          389.45768027119726
        ],
        "relative_distances": [
          0.17997084335525937,
          0.14471127670944448
        ],
        "ious": [
          0.40440993482623794,
          0.4198062114736988
        ],
        "matches": [
          [
            1,
            0,
            0.40440993482623794,
            265.66637912991547
          ],
          [
            6,
            3,
            0.4198062114736988,
            389.45768027119726
          ]
        ]
      },
      "size_stats": {
        "gt_avg_area": 1177275.242063492,
        "det_avg_area": 1179893.5454545454,
        "area_ratio": 1.0022240367396702
      }
    },
    "balloons": {
      "detected": 5,
      "ground_truth": 8,
      "precision": 0.625,
      "recall": 0.0,
      "avg_iou": 0,
      "avg_center_distance": 0,
      "size_stats": {
        "gt_avg_area": 211317.70833333334,
        "det_avg_area": 91273.805210305,
        "area_ratio": 0.43192691199513367
      }
    }
  },
  "ground_truth": {
    "panels": [
      {
        "x": 255.00000000000006,
        "y": 255.0,
        "w": 957.5,
        "h": 1123.5,
        "x_max": 1212.5,
        "y_max": 1378.5,
        "area": 1075751.25,
        "center_x": 733.75,
        "center_y": 816.75,
        "aspect_ratio": 0.8522474410324877
      },
      {
        "x": 1245.0,
        "y": 255.0,
        "w": 730.5,
        "h": 1123.5,
        "x_max": 1975.5,
        "y_max": 1378.5,
        "area": 820716.75,
        "center_x": 1610.25,
        "center_y": 816.75,
        "aspect_ratio": 0.650200267022697
      },
      {
        "x": 2013.5,
        "y": 254.0,
        "w": 745.5,
        "h": 1124.5,
        "x_max": 2759.0,
        "y_max": 1378.5,
        "area": 838314.75,
        "center_x": 2386.25,
        "center_y": 816.25,
        "aspect_ratio": 0.6629613161405069
      },
      {
        "x": 256.6666666666667,
        "y": 1431.6666666666667,
        "w": 2502.8333333333335,
        "h": 989.3333333333333,
        "x_max": 2759.5,
        "y_max": 2421.0,
        "area": 2476136.4444444445,
        "center_x": 1508.0833333333333,
        "center_y": 1926.3333333333335,
        "aspect_ratio": 2.529818059299192
      },
      {
        "x": 256.6666666666667,
        "y": 2471.666666666667,
        "w": 631.6666666666665,
        "h": 1250.0,
        "x_max": 888.3333333333333,
        "y_max": 3721.666666666667,
        "area": 789583.3333333331,
        "center_x": 572.5,
        "center_y": 3096.666666666667,
        "aspect_ratio": 0.5053333333333332
      },
      {
        "x": 923.3333333333333,
        "y": 2473.3333333333335,
        "w": 597.6666666666667,
        "h": 1249.1666666666665,
        "x_max": 1521.0,
        "y_max": 3722.5,
        "area": 746585.2777777778,
        "center_x": 1222.1666666666665,
        "center_y": 3097.916666666667,
        "aspect_ratio": 0.47845230153435636
      },
      {
        "x": 1560.0,
        "y": 2471.666666666667,
        "w": 1196.666666666667,
        "h": 1248.333333333333,
        "x_max": 2756.666666666667,
        "y_max": 3720.0,
        "area": 1493838.888888889,
        "center_x": 2158.3333333333335,
        "center_y": 3095.8333333333335,
        "aspect_ratio": 0.9586114819759685
      }
    ],
    "balloons": [
      {
        "x": 320.00000000000006,
        "y": 253.33333333333334,
        "w": 538.3333333333333,
        "h": 403.33333333333337,
        "x_max": 858.3333333333333,
        "y_max": 656.6666666666667,
        "area": 217127.77777777778,
        "center_x": 589.1666666666666,
        "center_y": 455.00000000000006,
        "aspect_ratio": 1.3347107438016526
      },
      {
        "x": 1243.3333333333333,
        "y": 255.0,
        "w": 730.0,
        "h": 318.33333333333337,
        "x_max": 1973.3333333333333,
        "y_max": 573.3333333333334,
        "area": 232383.33333333337,
        "center_x": 1608.3333333333333,
        "center_y": 414.1666666666667,
        "aspect_ratio": 2.2931937172774868
      },
      {
        "x": 2266.666666666667,
        "y": 261.6666666666667,
        "w": 250.0,
        "h": 275.00000000000006,
        "x_max": 2516.666666666667,
        "y_max": 536.6666666666667,
        "area": 68750.00000000001,
        "center_x": 2391.666666666667,
        "center_y": 399.16666666666674,
        "aspect_ratio": 0.909090909090909
      },
      {
        "x": 308.3333333333333,
        "y": 1430.0,
        "w": 808.3333333333335,
        "h": 326.66666666666674,
        "x_max": 1116.6666666666667,
        "y_max": 1756.6666666666667,
        "area": 264055.5555555557,
        "center_x": 712.5,
        "center_y": 1593.3333333333335,
        "aspect_ratio": 2.4744897959183674
      },
      {
        "x": 261.6666666666667,
        "y": 2471.666666666667,
        "w": 521.6666666666665,
        "h": 431.6666666666665,
        "x_max": 783.3333333333333,
        "y_max": 2903.3333333333335,
        "area": 225186.11111111098,
        "center_x": 522.5,
        "center_y": 2687.5,
        "aspect_ratio": 1.2084942084942085
      },
      {
        "x": 920.0,
        "y": 2470.0,
        "w": 740.0000000000002,
        "h": 490.0,
        "x_max": 1660.0000000000002,
        "y_max": 2960.0,
        "area": 362600.0000000001,
        "center_x": 1290.0,
        "center_y": 2715.0,
        "aspect_ratio": 1.5102040816326536
      },
      {
        "x": 1600.0,
        "y": 2663.3333333333335,
        "w": 306.66666666666674,
        "h": 378.3333333333335,
        "x_max": 1906.6666666666667,
        "y_max": 3041.666666666667,
        "area": 116022.22222222229,
        "center_x": 1753.3333333333335,
        "center_y": 2852.5,
        "aspect_ratio": 0.8105726872246695
      },
      {
        "x": 2098.3333333333335,
        "y": 2473.3333333333335,
        "w": 550.0,
        "h": 371.6666666666665,
        "x_max": 2648.3333333333335,
        "y_max": 2845.0,
        "area": 204416.66666666657,
        "center_x": 2373.3333333333335,
        "center_y": 2659.166666666667,
        "aspect_ratio": 1.479820627802691
      }
    ]
  },
  "detected": {
    "panels": [
      {
        "x": 2058.0,
        "y": 378.0,
        "w": 2069.0,
        "h": 1196.0,
        "x_max": 4127.0,
        "y_max": 1574.0,
        "area": 2474524.0,
        "center_x": 3092.5,
        "center_y": 976.0,
        "aspect_ratio": 1.729933110367893,
        "confidence": 0.8419352173805237
      },
      {
        "x": 512.0,
        "y": 384.0,
        "w": 957.0,
        "h": 729.0,
        "x_max": 1469.0,
        "y_max": 1113.0,
        "area": 697653.0,
        "center_x": 990.5,
        "center_y": 748.5,
        "aspect_ratio": 1.3127572016460904,
        "confidence": 0.8419352173805237
      },
      {
        "x": 1469.0,
        "y": 384.0,
        "w": 331.0,
        "h": 729.0,
        "x_max": 1800.0,
        "y_max": 1113.0,
        "area": 241299.0,
        "center_x": 1634.5,
        "center_y": 748.5,
        "aspect_ratio": 0.4540466392318244,
        "confidence": 0.8419352173805237
      },
      {
        "x": 512.0,
        "y": 1113.0,
        "w": 957.0,
        "h": 149.0,
        "x_max": 1469.0,
        "y_max": 1262.0,
        "area": 142593.0,
        "center_x": 990.5,
        "center_y": 1187.5,
        "aspect_ratio": 6.422818791946309,
        "confidence": 0.8419352173805237
      },
      {
        "x": 391.0,