{
  "total_panels": 12,
  "total_balloons": 4,
  "panel_areas": [
    0.039074730082450014,
    0.04028087479322575,
    0.029572001929926338,
    0.021187082908427916,
    0.028429494984258088,
    0.08132172701457395,
    0.014549952331790517,
    0.047208940986176166,
    0.0295963620829494,
    0.04799011407549072,
    0.02487981686510017,
    0.03649329499379909
  ],
  "balloon_areas": [
    0.0035879265858746916,
    0.0033933147391492207,
    0.0033933147391492207,
    0.0034854887715971518
  ],
  "overlaps_detected": 3,
  "severe_overlaps": 2,
  "quality_score": 0.30208333333333337
}