{
  "total_panels": 4,
  "total_balloons": 2,
  "panel_areas": [
    0.04028087479322575,
    0.08486934628987823,
    0.08132172701457395,
    0.16108104488606112
  ],
  "balloon_areas": [
    0.0035879265858746916,
    0.0034854887715971518
  ],
  "overlaps_detected": 1,
  "severe_overlaps": 0,
  "quality_score": 0.9375
}