{
  "total_panels": 19,
  "total_balloons": 10,
  "panel_areas": [
    0.016810250676097357,
    0.01130122737674225,
    0.019702517162471397,
    0.01909897025171625,
    0.004342755356771375,
    0.0051976284584980235,
    0.008890680257957145,
    0.0269114052423549,
    0.02150860723944248,
    0.008387767838568753,
    0.004376950280840441,
    0.008337840649053463,
    0.03715519034741003,
    0.01938852194716039,
    0.036934028500104014,
    0.005085942375702101,
    0.08880837840649053,
    0.03718795506552944,
    0.06481329311420844
  ],
  "balloon_areas": [
    0.0051233355539513975,
    0.005392857258398594,
    0.005363829159428132,
    0.007041802522818264,
    0.008443992404571466,
    0.008122756251726638,
    0.008122756251726638,
    0.0051850904424480876,
    0.0051850904424480876,
    0.005527548249354669
  ],
  "overlaps_detected": 8,
  "severe_overlaps": 4,
  "quality_score": 0.4789473684210526
}