{
  "total_panels": 12,
  "total_balloons": 4,
  "panel_areas": [
    0.00012964057608397969,
    0.00013364227474742973,
    9.811280482457095e-05,
    7.029365597643085e-05,
    9.432224099204165e-05,
    0.0002698059721991168,
    4.827324970147295e-05,
    0.00015662793556982997,
    9.819362596561888e-05,
    0.00015921968039075008,
    8.254526095125013e-05,
    0.00012107599403031084
  ],
  "balloon_areas": [
    1.1903879273339738e-05,
    1.1258203874711998e-05,
    1.1258203874711998e-05,
    1.1564015191676162e-05
  ],
  "overlaps_detected": 3,
  "severe_overlaps": 2,
  "quality_score": 0.30208333333333337
}