{
  "total_panels": 9,
  "total_balloons": 1,
  "panel_areas": [
    0.004718119409194924,
    0.007530684418556272,
    0.02668686290825879,
    0.07821289265654255,
    0.010838490742666945,
    0.16404202205117538,
    0.04052345537757437,
    0.037242562929061786,
    0.06499713958810069
  ],
  "balloon_areas": [
    0.0034854887715971518
  ],
  "overlaps_detected": 1,
  "severe_overlaps": 1,
  "quality_score": 0
}