{
  "total_panels": 50,
  "total_balloons": 77,
  "panel_areas": [
    0.026627602418216222,
    0.026577530840237607,
    0.006465145861585157,
    0.0024401532741774048,
    0.002223751798062721,
    0.011216106252877363,
    0.026818639972245827,
    0.005732060444316727,
    0.013082697439825153,
    0.02344611928042564,
    0.022663705361103598,
    0.026507497168568095,
    0.0371606290474346,
    0.011749946191885472,
    0.02965130931745471,
    0.033437584519718754,
    0.01285115610395849,
    0.0035759782741871275,
    0.025846495412143625,
    0.00785204959175779,
    0.0019837532258258923,
    0.021164413009459645,
    0.02632000002163523,
    0.03183659106975368,
    0.0382200469199389,
    0.038050397626170435,
    0.010358040820747545,
    0.04204075586560826,
    0.02926148810847772,
    0.009443662785664386,
    0.034750181975339904,
    0.024443575242950925,
    0.028882865407035285,
    0.002903728972164626,
    0.00155460266264207,
    0.021187511673973695,
    0.008922207122736737,
    0.023727095344130318,
    0.007259001661698604,
    0.025339173119486507,
    0.005272611261840266,
    0.01333936120594815,
    0.010005658583819016,
    0.020865874468095697,
    0.016565425899395123,
    0.00852476619716871,
    0.023206810245598643,
    0.025299283478342018,
    0.013880464906337537,
    0.01998067014865207
  ],
  "balloon_areas": [
    0.0005648365313146708,
    0.0010140095623984258,
    0.0009421389824092444,
    0.004060706040850401,
    0.0041388025311141895,
    0.0035110265895142425,
    0.0035110265895142425,
    0.002917246774082096,
    0.002839824145333154,
    0.0019887885589709876,
    0.0009863025751205303,
    0.0036281389052985,
    0.0032544016038523332,
    0.0032544016038523332,
    0.004587159752113658,
    0.0027771898710587575,
    0.0027771898710587575,
    0.0036693933193185178,
    0.0036693933193185178,
    0.0036693933193185178,
    0.0034138370247225294,
    0.0034138370247225294,
    0.002932651613245439,
    0.002932651613245439,
    0.002932651613245439,
    0.0022799963243297933,
    0.0023613169322427557,
    0.0023613169322427557,
    0.0022105587483156066,
    0.0022105587483156066,
    0.0005084076996746221,
    0.0005084076996746221,
    0.00030788957024125265,
    0.00030788957024125265,
    0.0005312046594200925,
    0.0005312046594200925,
    0.0012658210330389829,
    0.0012658210330389829,
    0.0014122253719150372,
    0.0014122253719150372,
    0.0008089594580721329,
    0.0008089594580721329,
    0.0005835646496872961,
    0.0004696038168366198,
    0.0004696038168366198,
    0.0004985155963261608,
    0.0004985155963261608,
    0.0004985155963261608,
    0.0007680113338449277,
    0.0007680113338449277,
    0.0006359492926714026,
    0.0006359492926714026,
    0.00215194053375972,
    0.00019881515120729446,
    0.00019881515120729446,
    0.00019881515120729446,
    0.00019881515120729446,
    0.00018607645077969192,
    0.00018607645077969192,
    0.00018607645077969192,
    0.0001905870299210675,
    0.0001905870299210675,
    0.0001905870299210675,
    0.0001905870299210675,
    0.003354017585066492,
    0.003354017585066492,
    0.002095135940538445,
    0.002095135940538445,
    0.002095135940538445,
    0.0029429694535843057,
    0.0029429694535843057,
    0.003278931513165222,
    0.004331889963027424,
    0.004331889963027424,
    0.0030626084665597935,
    0.0013624256371557464,
    0.0007920966694401377
  ],
  "overlaps_detected": 162,
  "severe_overlaps": 118,
  "quality_score": 0.2505659772326439
}