{
  "total_panels": 9,
  "total_balloons": 2,
  "panel_areas": [
    0.004718119409194924,
    0.007530684418556272,
    0.02668686290825879,
    0.07821289265654255,
    0.010838490742666945,
    0.16404202205117538,
    0.04076112960266278,
    0.03746099438319118,
    0.06537835448304556
  ],
  "balloon_areas": [
    0.0035879265858746916,
    0.0034854887715971518
  ],
  "overlaps_detected": 2,
  "severe_overlaps": 1,
  "quality_score": 0.4444444444444444
}